{"_type": "COMPOSITION", "name": {"_type": "DV_TEXT", "value": "Valkyrie_depresion_assessment"}, "uid": {"_type": "OBJECT_VERSION_ID", "value": "8770bf2b-f6ff-433d-a6f5-ef1966153094::luismarcoruiz::1"}, "archetype_details": {"_type": "ARCHETYPED", "archetype_id": {"_type": "ARCHETYPE_ID", "value": "openEHR-EHR-COMPOSITION.valkyrie_depresion_assessment.v0"}, "template_id": {"_type": "TEMPLATE_ID", "value": "Valkyrie_depresion_assessment"}, "rm_version": "1.0.4"}, "archetype_node_id": "openEHR-EHR-COMPOSITION.valkyrie_depresion_assessment.v0", "language": {"_type": "CODE_PHRASE", "terminology_id": {"_type": "TERMINOLOGY_ID", "value": "ISO_639-1"}, "code_string": "en"}, "territory": {"_type": "CODE_PHRASE", "terminology_id": {"_type": "TERMINOLOGY_ID", "value": "ISO_3166-1"}, "code_string": "US"}, "category": {"_type": "DV_CODED_TEXT", "value": "event", "defining_code": {"_type": "CODE_PHRASE", "terminology_id": {"_type": "TERMINOLOGY_ID", "value": "openehr"}, "code_string": "433"}}, "composer": {"_type": "PARTY_IDENTIFIED", "name": "Silvia Blake"}, "context": {"_type": "EVENT_CONTEXT", "start_time": {"_type": "DV_DATE_TIME", "value": "2023-01-28T20:33:06.476435+01:00"}, "setting": {"_type": "DV_CODED_TEXT", "value": "other care", "defining_code": {"_type": "CODE_PHRASE", "terminology_id": {"_type": "TERMINOLOGY_ID", "value": "openehr"}, "code_string": "238"}}, "health_care_facility": {"_type": "PARTY_IDENTIFIED", "external_ref": {"_type": "PARTY_REF", "id": {"_type": "GENERIC_ID", "value": "9091", "scheme": "HOSPITAL-NS"}, "namespace": "HOSPITAL-NS", "type": "PARTY"}, "name": "Hospital"}, "participations": [{"_type": "PARTICIPATION", "function": {"_type": "DV_TEXT", "value": "requester"}, "performer": {"_type": "PARTY_IDENTIFIED", "external_ref": {"_type": "PARTY_REF", "id": {"_type": "GENERIC_ID", "value": "199", "scheme": "HOSPITAL-NS"}, "namespace": "HOSPITAL-NS", "type": "ANY"}, "name": "Dr. Marcus Johnson"}, "mode": {"_type": "DV_CODED_TEXT", "value": "face-to-face communication", "defining_code": {"_type": "CODE_PHRASE", "terminology_id": {"_type": "TERMINOLOGY_ID", "value": "openehr"}, "code_string": "216"}}}, {"_type": "PARTICIPATION", "function": {"_type": "DV_TEXT", "value": "performer"}, "performer": {"_type": "PARTY_IDENTIFIED", "external_ref": {"_type": "PARTY_REF", "id": {"_type": "GENERIC_ID", "value": "198", "scheme": "HOSPITAL-NS"}, "namespace": "HOSPITAL-NS", "type": "ANY"}, "name": "Lara Markham"}, "mode": {"_type": "DV_CODED_TEXT", "value": "not specified", "defining_code": {"_type": "CODE_PHRASE", "terminology_id": {"_type": "TERMINOLOGY_ID", "value": "openehr"}, "code_string": "193"}}}]}, "content": [{"_type": "OBSERVATION", "name": {"_type": "DV_TEXT", "value": "Kessler Psychological Distress Scale (K10)"}, "archetype_details": {"_type": "ARCHETYPED", "archetype_id": {"_type": "ARCHETYPE_ID", "value": "openEHR-EHR-OBSERVATION.kessler_k10_scale.v0"}, "rm_version": "1.0.4"}, "archetype_node_id": "openEHR-EHR-OBSERVATION.kessler_k10_scale.v0", "language": {"_type": "CODE_PHRASE", "terminology_id": {"_type": "TERMINOLOGY_ID", "value": "ISO_639-1"}, "code_string": "en"}, "encoding": {"_type": "CODE_PHRASE", "terminology_id": {"_type": "TERMINOLOGY_ID", "value": "IANA_character-sets"}, "code_string": "UTF-8"}, "subject": {"_type": "PARTY_SELF"}, "other_participations": [{"_type": "PARTICIPATION", "function": {"_type": "DV_TEXT", "value": "requester"}, "performer": {"_type": "PARTY_IDENTIFIED", "external_ref": {"_type": "PARTY_REF", "id": {"_type": "GENERIC_ID", "value": "199", "scheme": "HOSPITAL-NS"}, "namespace": "HOSPITAL-NS", "type": "ANY"}, "name": "Dr. Marcus Johnson"}, "mode": {"_type": "DV_CODED_TEXT", "value": "face-to-face communication", "defining_code": {"_type": "CODE_PHRASE", "terminology_id": {"_type": "TERMINOLOGY_ID", "value": "openehr"}, "code_string": "216"}}}, {"_type": "PARTICIPATION", "function": {"_type": "DV_TEXT", "value": "performer"}, "performer": {"_type": "PARTY_IDENTIFIED", "external_ref": {"_type": "PARTY_REF", "id": {"_type": "GENERIC_ID", "value": "198", "scheme": "HOSPITAL-NS"}, "namespace": "HOSPITAL-NS", "type": "ANY"}, "name": "Lara Markham"}, "mode": {"_type": "DV_CODED_TEXT", "value": "not specified", "defining_code": {"_type": "CODE_PHRASE", "terminology_id": {"_type": "TERMINOLOGY_ID", "value": "openehr"}, "code_string": "193"}}}], "data": {"_type": "HISTORY", "name": {"_type": "DV_TEXT", "value": "Event Series"}, "archetype_node_id": "at0001", "origin": {"_type": "DV_DATE_TIME", "value": "2023-01-28T20:33:06.476435+01:00"}, "events": [{"_type": "POINT_EVENT", "name": {"_type": "DV_TEXT", "value": "Any event"}, "archetype_node_id": "at0002", "time": {"_type": "DV_DATE_TIME", "value": "2023-01-28T20:33:06.476435+01:00"}, "data": {"_type": "ITEM_TREE", "name": {"_type": "DV_TEXT", "value": "Tree"}, "archetype_node_id": "at0003", "items": [{"_type": "ELEMENT", "name": {"_type": "DV_TEXT", "value": "During the last 30 days, about how often did you feel tired out for no good reason?"}, "archetype_node_id": "at0004", "value": {"_type": "DV_ORDINAL", "value": 4, "symbol": {"_type": "DV_CODED_TEXT", "value": "Most of the time", "defining_code": {"_type": "CODE_PHRASE", "terminology_id": {"_type": "TERMINOLOGY_ID", "value": "local"}, "code_string": "at0008"}}}}, {"_type": "ELEMENT", "name": {"_type": "DV_TEXT", "value": "During the last 30 days, about how often did you feel nervous?"}, "archetype_node_id": "at0015", "value": {"_type": "DV_ORDINAL", "value": 5, "symbol": {"_type": "DV_CODED_TEXT", "value": "All of the time", "defining_code": {"_type": "CODE_PHRASE", "terminology_id": {"_type": "TERMINOLOGY_ID", "value": "local"}, "code_string": "at0020"}}}}, {"_type": "ELEMENT", "name": {"_type": "DV_TEXT", "value": "During the last 30 days, about how often did you feel so nervous that nothing could calm you down?"}, "archetype_node_id": "at0021", "value": {"_type": "DV_ORDINAL", "value": 2, "symbol": {"_type": "DV_CODED_TEXT", "value": "A little of the time", "defining_code": {"_type": "CODE_PHRASE", "terminology_id": {"_type": "TERMINOLOGY_ID", "value": "local"}, "code_string": "at0023"}}}}, {"_type": "ELEMENT", "name": {"_type": "DV_TEXT", "value": "During the last 30 days, about how often did you feel hopeless?"}, "archetype_node_id": "at0027", "value": {"_type": "DV_ORDINAL", "value": 1, "symbol": {"_type": "DV_CODED_TEXT", "value": "None of the time", "defining_code": {"_type": "CODE_PHRASE", "terminology_id": {"_type": "TERMINOLOGY_ID", "value": "local"}, "code_string": "at0028"}}}}, {"_type": "ELEMENT", "name": {"_type": "DV_TEXT", "value": "During the last 30 days, about how often did you feel restless or fidgety?"}, "archetype_node_id": "at0033", "value": {"_type": "DV_ORDINAL", "value": 5, "symbol": {"_type": "DV_CODED_TEXT", "value": "All of the time", "defining_code": {"_type": "CODE_PHRASE", "terminology_id": {"_type": "TERMINOLOGY_ID", "value": "local"}, "code_string": "at0038"}}}}, {"_type": "ELEMENT", "name": {"_type": "DV_TEXT", "value": "During the last 30 days, about how often did you feel so restless you could not sit still?"}, "archetype_node_id": "at0039", "value": {"_type": "DV_ORDINAL", "value": 4, "symbol": {"_type": "DV_CODED_TEXT", "value": "Most of the time", "defining_code": {"_type": "CODE_PHRASE", "terminology_id": {"_type": "TERMINOLOGY_ID", "value": "local"}, "code_string": "at0043"}}}}, {"_type": "ELEMENT", "name": {"_type": "DV_TEXT", "value": "During the last 30 days, about how often did you feel depressed?"}, "archetype_node_id": "at0045", "value": {"_type": "DV_ORDINAL", "value": 1, "symbol": {"_type": "DV_CODED_TEXT", "value": "None of the time", "defining_code": {"_type": "CODE_PHRASE", "terminology_id": {"_type": "TERMINOLOGY_ID", "value": "local"}, "code_string": "at0046"}}}}, {"_type": "ELEMENT", "name": {"_type": "DV_TEXT", "value": "During the last 30 days, about how often did you feel that everything was an effort?"}, "archetype_node_id": "at0051", "value": {"_type": "DV_ORDINAL", "value": 3, "symbol": {"_type": "DV_CODED_TEXT", "value": "Some of the time", "defining_code": {"_type": "CODE_PHRASE", "terminology_id": {"_type": "TERMINOLOGY_ID", "value": "local"}, "code_string": "at0054"}}}}, {"_type": "ELEMENT", "name": {"_type": "DV_TEXT", "value": "During the last 30 days, about how often did you feel so sad that nothing could cheer you up?"}, "archetype_node_id": "at0057", "value": {"_type": "DV_ORDINAL", "value": 2, "symbol": {"_type": "DV_CODED_TEXT", "value": "A little of the time", "defining_code": {"_type": "CODE_PHRASE", "terminology_id": {"_type": "TERMINOLOGY_ID", "value": "local"}, "code_string": "at0059"}}}}, {"_type": "ELEMENT", "name": {"_type": "DV_TEXT", "value": "During the last 30 days, about how often did you feel worthless?"}, "archetype_node_id": "at0063", "value": {"_type": "DV_ORDINAL", "value": 3, "symbol": {"_type": "DV_CODED_TEXT", "value": "Some of the time", "defining_code": {"_type": "CODE_PHRASE", "terminology_id": {"_type": "TERMINOLOGY_ID", "value": "local"}, "code_string": "at0066"}}}}, {"_type": "ELEMENT", "name": {"_type": "DV_TEXT", "value": "Total score"}, "archetype_node_id": "at0014", "value": {"_type": "DV_COUNT", "magnitude": 33}}, {"_type": "ELEMENT", "name": {"_type": "DV_TEXT", "value": "Comment"}, "archetype_node_id": "at0069", "value": {"_type": "DV_TEXT", "value": "Comment 18"}}]}}]}}, {"_type": "OBSERVATION", "name": {"_type": "DV_TEXT", "value": "Kutcher Adolescent Depression Scale (KADS)"}, "archetype_details": {"_type": "ARCHETYPED", "archetype_id": {"_type": "ARCHETYPE_ID", "value": "openEHR-EHR-OBSERVATION.kads.v0"}, "rm_version": "1.0.4"}, "archetype_node_id": "openEHR-EHR-OBSERVATION.kads.v0", "language": {"_type": "CODE_PHRASE", "terminology_id": {"_type": "TERMINOLOGY_ID", "value": "ISO_639-1"}, "code_string": "en"}, "encoding": {"_type": "CODE_PHRASE", "terminology_id": {"_type": "TERMINOLOGY_ID", "value": "IANA_character-sets"}, "code_string": "UTF-8"}, "subject": {"_type": "PARTY_SELF"}, "other_participations": [{"_type": "PARTICIPATION", "function": {"_type": "DV_TEXT", "value": "requester"}, "performer": {"_type": "PARTY_IDENTIFIED", "external_ref": {"_type": "PARTY_REF", "id": {"_type": "GENERIC_ID", "value": "199", "scheme": "HOSPITAL-NS"}, "namespace": "HOSPITAL-NS", "type": "ANY"}, "name": "Dr. Marcus Johnson"}, "mode": {"_type": "DV_CODED_TEXT", "value": "face-to-face communication", "defining_code": {"_type": "CODE_PHRASE", "terminology_id": {"_type": "TERMINOLOGY_ID", "value": "openehr"}, "code_string": "216"}}}, {"_type": "PARTICIPATION", "function": {"_type": "DV_TEXT", "value": "performer"}, "performer": {"_type": "PARTY_IDENTIFIED", "external_ref": {"_type": "PARTY_REF", "id": {"_type": "GENERIC_ID", "value": "198", "scheme": "HOSPITAL-NS"}, "namespace": "HOSPITAL-NS", "type": "ANY"}, "name": "Lara Markham"}, "mode": {"_type": "DV_CODED_TEXT", "value": "not specified", "defining_code": {"_type": "CODE_PHRASE", "terminology_id": {"_type": "TERMINOLOGY_ID", "value": "openehr"}, "code_string": "193"}}}], "data": {"_type": "HISTORY", "name": {"_type": "DV_TEXT", "value": "History"}, "archetype_node_id": "at0001", "origin": {"_type": "DV_DATE_TIME", "value": "2023-01-28T20:33:06.476435+01:00"}, "events": [{"_type": "POINT_EVENT", "name": {"_type": "DV_TEXT", "value": "Point in time"}, "archetype_node_id": "at0002", "time": {"_type": "DV_DATE_TIME", "value": "2023-01-28T20:33:06.476435+01:00"}, "data": {"_type": "ITEM_TREE", "name": {"_type": "DV_TEXT", "value": "Tree"}, "archetype_node_id": "at0003", "items": [{"_type": "ELEMENT", "name": {"_type": "DV_TEXT", "value": "Low mood..."}, "archetype_node_id": "at0004", "value": {"_type": "DV_ORDINAL", "value": 2, "symbol": {"_type": "DV_CODED_TEXT", "value": "Most of the time", "defining_code": {"_type": "CODE_PHRASE", "terminology_id": {"_type": "TERMINOLOGY_ID", "value": "local"}, "code_string": "at0007"}}}}, {"_type": "ELEMENT", "name": {"_type": "DV_TEXT", "value": "Irritable..."}, "archetype_node_id": "at0009", "value": {"_type": "DV_ORDINAL", "value": 2, "symbol": {"_type": "DV_CODED_TEXT", "value": "Most of the time", "defining_code": {"_type": "CODE_PHRASE", "terminology_id": {"_type": "TERMINOLOGY_ID", "value": "local"}, "code_string": "at0007"}}}}, {"_type": "ELEMENT", "name": {"_type": "DV_TEXT", "value": "Trouble falling asleep..."}, "archetype_node_id": "at0010", "value": {"_type": "DV_ORDINAL", "value": 1, "symbol": {"_type": "DV_CODED_TEXT", "value": "Much of the time", "defining_code": {"_type": "CODE_PHRASE", "terminology_id": {"_type": "TERMINOLOGY_ID", "value": "local"}, "code_string": "at0006"}}}}, {"_type": "ELEMENT", "name": {"_type": "DV_TEXT", "value": "Feeling decreased interest..."}, "archetype_node_id": "at0011", "value": {"_type": "DV_ORDINAL", "value": 3, "symbol": {"_type": "DV_CODED_TEXT", "value": "All of the time", "defining_code": {"_type": "CODE_PHRASE", "terminology_id": {"_type": "TERMINOLOGY_ID", "value": "local"}, "code_string": "at0008"}}}}, {"_type": "ELEMENT", "name": {"_type": "DV_TEXT", "value": "Feelings of worthlessness..."}, "archetype_node_id": "at0012", "value": {"_type": "DV_ORDINAL", "value": 2, "symbol": {"_type": "DV_CODED_TEXT", "value": "Most of the time", "defining_code": {"_type": "CODE_PHRASE", "terminology_id": {"_type": "TERMINOLOGY_ID", "value": "local"}, "code_string": "at0007"}}}}, {"_type": "ELEMENT", "name": {"_type": "DV_TEXT", "value": "Feeling tired..."}, "archetype_node_id": "at0013", "value": {"_type": "DV_ORDINAL", "value": 0, "symbol": {"_type": "DV_CODED_TEXT", "value": "Hardly Ever", "defining_code": {"_type": "CODE_PHRASE", "terminology_id": {"_type": "TERMINOLOGY_ID", "value": "local"}, "code_string": "at0005"}}}}, {"_type": "ELEMENT", "name": {"_type": "DV_TEXT", "value": "Trouble concentrating..."}, "archetype_node_id": "at0014", "value": {"_type": "DV_ORDINAL", "value": 2, "symbol": {"_type": "DV_CODED_TEXT", "value": "Most of the time", "defining_code": {"_type": "CODE_PHRASE", "terminology_id": {"_type": "TERMINOLOGY_ID", "value": "local"}, "code_string": "at0007"}}}}, {"_type": "ELEMENT", "name": {"_type": "DV_TEXT", "value": "Life is not much fun..."}, "archetype_node_id": "at0015", "value": {"_type": "DV_ORDINAL", "value": 1, "symbol": {"_type": "DV_CODED_TEXT", "value": "Much of the time", "defining_code": {"_type": "CODE_PHRASE", "terminology_id": {"_type": "TERMINOLOGY_ID", "value": "local"}, "code_string": "at0006"}}}}, {"_type": "ELEMENT", "name": {"_type": "DV_TEXT", "value": "Feeling worried..."}, "archetype_node_id": "at0016", "value": {"_type": "DV_ORDINAL", "value": 3, "symbol": {"_type": "DV_CODED_TEXT", "value": "All of the time", "defining_code": {"_type": "CODE_PHRASE", "terminology_id": {"_type": "TERMINOLOGY_ID", "value": "local"}, "code_string": "at0008"}}}}, {"_type": "ELEMENT", "name": {"_type": "DV_TEXT", "value": "Physical feelings of worry..."}, "archetype_node_id": "at0017", "value": {"_type": "DV_ORDINAL", "value": 3, "symbol": {"_type": "DV_CODED_TEXT", "value": "All of the time", "defining_code": {"_type": "CODE_PHRASE", "terminology_id": {"_type": "TERMINOLOGY_ID", "value": "local"}, "code_string": "at0008"}}}}, {"_type": "ELEMENT", "name": {"_type": "DV_TEXT", "value": "Thoughts, plans, or actions about suicide or self-harm"}, "archetype_node_id": "at0018", "value": {"_type": "DV_ORDINAL", "value": 0, "symbol": {"_type": "DV_CODED_TEXT", "value": "No thoughts or plans or actions", "defining_code": {"_type": "CODE_PHRASE", "terminology_id": {"_type": "TERMINOLOGY_ID", "value": "local"}, "code_string": "at0023"}}}}, {"_type": "ELEMENT", "name": {"_type": "DV_TEXT", "value": "KADS-6 score"}, "archetype_node_id": "at0019", "value": {"_type": "DV_COUNT", "magnitude": 8}}, {"_type": "ELEMENT", "name": {"_type": "DV_TEXT", "value": "KADS-11 score"}, "archetype_node_id": "at0020", "value": {"_type": "DV_COUNT", "magnitude": 23}}]}}]}}]}